{
  "best_model": "LSTM",
  "rmses": {
    "Prophet": 1255.855872668263,
    "LSTM": 81.87023174376824,
    "XGBoost": 180.78969865821608
  },
  "f1_scores": {
    "Prophet": 0.16908212560386474,
    "LSTM": 0.5650628254775226,
    "XGBoost": 0.17204301075268816
  },
  "future_forecasts": {
    "1d": 22820.453916956547,
    "15d": 22781.481451720043,
    "1m": 22732.197353331365,
    "3m": 22596.098627099716,
    "6m": 22430.46417008194,
    "1y": 21521.5330969329,
    "3y": 17774.955221785138,
    "5y": 14028.35891087717
  }
}