{"1d": 22820.453916956547, "15d": 22781.481451720043, "1m": 22732.197353331365, "3m": 22596.098627099716, "6m": 22430.46417008194, "1y": 21521.5330969329, "3y": 17774.955221785138, "5y": 14028.35891087717}